{
  "profesores": [
      {
        "id": 0,
        "sexo": "hombre",
        "nombre": "Kari",
        "snombre": "Carr",
        "telefono": "(826) 453-3497",
        "celular": "(801) 9175-8136"
      },
      {
        "id": 1,
        "sexo": "mujer",
        "nombre": "Tameka",
        "snombre": "Gamble",
        "telefono": "(824) 438-2499",
        "celular": "(801) 8595-8337"
      },
      {
        "id": 2,
        "sexo": "mujer",
        "nombre": "Charity",
        "snombre": "Austin",
        "telefono": "(817) 512-2258",
        "celular": "(801) 9375-3830"
      },
      {
        "id": 3,
        "sexo": "mujer",
        "nombre": "Slater",
        "snombre": "Hunt",
        "telefono": "(842) 413-3023",
        "celular": "(801) 9555-1729"
      },
      {
        "id": 4,
        "sexo": "hombre",
        "nombre": "Chen",
        "snombre": "Hanson",
        "telefono": "(966) 520-2696",
        "celular": "(801) 9324-4423"
      },
      {
        "id": 5,
        "sexo": "hombre",
        "nombre": "Obrien",
        "snombre": "Davis",
        "telefono": "(996) 595-3896",
        "celular": "(801) 8195-2732"
      },
      {
        "id": 6,
        "sexo": "hombre",
        "nombre": "Le",
        "snombre": "Haley",
        "telefono": "(967) 527-3286",
        "celular": "(801) 8074-5225"
      },
      {
        "id": 7,
        "sexo": "hombre",
        "nombre": "Lester",
        "snombre": "Carney",
        "telefono": "(994) 465-3542",
        "celular": "(801) 9044-7522"
      },
      {
        "id": 8,
        "sexo": "hombre",
        "nombre": "Rosario",
        "snombre": "Perry",
        "telefono": "(848) 499-2977",
        "celular": "(801) 8495-0625"
      },
      {
        "id": 9,
        "sexo": "mujer",
        "nombre": "Marilyn",
        "snombre": "Huber",
        "telefono": "(982) 580-3235",
        "celular": "(801) 8184-2624"
      }
    ]
  }