{
  "frutas":[
    {
        "img":"https://supermercado.eroski.es/images/2388676.jpg",
        "nombre":"Manzana",
        "color": "verde",
        "cantidad":1,
        "precio":2.96
    },
    {   
        "img":"https://supermercado.eroski.es/images/17210.jpg",
        "nombre":"Pera",
        "color": "verde",
        "cantidad":1,
        "precio":1.95
    },
    {   
        "img":"https://supermercado.eroski.es/images/12063319.jpg",
        "nombre":"Kiwi",
        "color": "marron",
        "cantidad":1,
        "precio":1.93
    }
  ],
  "posts": [
    {
      "id": 1,
      "title": "json-server",
      "author": "typicode"
    }
  ],
  "comments": [
    {
      "id": 1,
      "body": "some comment",
      "postId": 1
    }
  ],
  "profile": {
    "name": "typicode"
  }
}